bee_sp,bee_common,name_change,picture_address,original_file_name,content_creator,license,license_link,Wikipedia,Canada_bee,Wikipedia_common,Canada_bee_common
"Adela
septentrionella",Fairy longhorn moth,,Adela_septentrionella.JPG,"""File:Adela septentrionella 02.jpg""","CBG Photography Group, Centre for Biodiversity Genomics ",CC0 1.0,http://creativecommons.org/publicdomain/zero/1.0/deed.en,https://en.wikipedia.org/wiki/Adela_septentrionella,N/A,https://en.wikipedia.org/wiki/Adela_(moth),N/A
"Agapostemon
texanus",Metallic green sweat bee,,Agapostemon_texanus.JPG,"""Sweat bee, male Texas Agapostemon (Halictidae, Agapostemon texanus (Cresson))""", insectsunlocked ,CC0 1.0,http://creativecommons.org/publicdomain/zero/1.0/deed.en,https://en.wikipedia.org/wiki/Agapostemon_texanus,"http://www.beesofcanada.com/species/agapostemon-texanus-cresson,-1872",https://en.wikipedia.org/wiki/Agapostemon,"http://www.beesofcanada.com/species/agapostemon-texanus-cresson,-1872"
"Agapostemon
virescens",Metallic green sweat bee,,Agapostemon_virescens.JPG,"""Agapostemon_virescens.JPG""", Sarah Johnson,N/A,N/A,https://en.wikipedia.org/wiki/Agapostemon_virescens,"http://www.beesofcanada.com/species/agapostemon-virescens-(fabricius,-1775)",https://en.wikipedia.org/wiki/Agapostemon,"http://www.beesofcanada.com/species/agapostemon-virescens-(fabricius,-1775)"
"Andrena
aff. nasonii",Mining bee,,Andrena_nasonii.JPG,"""Andrena nasonii, F, side, New York, Kings County_2013-02-07-14.17.02 ZS PMax""",Sam Droege,CC PDM 1.0.,http://creativecommons.org/publicdomain/zero/1.0/deed.en,https://en.wikipedia.org/wiki/Andrena_nasonii,http://www.beesofcanada.com/species/andrena-nasonii,https://en.wikipedia.org/wiki/Andrena,http://www.beesofcanada.com/species/andrena-nasonii
"Andrena
amphibola",Mining bee,,Andrena_sp.JPG,"""Mining Bee""",treegrow,CC BY 2.0.,https://creativecommons.org/licenses/by/2.0/,https://en.wikipedia.org/wiki/Andrena_amphibola,"http://www.beesofcanada.com/species/andrena-amphibola-(viereck,-1904)",https://en.wikipedia.org/wiki/Andrena,"http://www.beesofcanada.com/species/andrena-amphibola-(viereck,-1904)"
"Andrena
angustella",Mining bee,,Andrena_sp.JPG,"""Mining Bee""",treegrow,CC BY 2.0.,https://creativecommons.org/licenses/by/2.0/,https://en.wikipedia.org/wiki/Andrena_angustella,N/A,https://en.wikipedia.org/wiki/Andrena,N/A
"Andrena
angustitarsata",Mining bee,,Andrena_sp.JPG,"""Mining Bee""",treegrow,CC BY 2.0.,https://creativecommons.org/licenses/by/2.0/,https://en.wikipedia.org/wiki/Andrena_angustitarsata,"http://www.beesofcanada.com/species/andrena-angustitarsata-viereck,-1904",https://en.wikipedia.org/wiki/Andrena,"http://www.beesofcanada.com/species/andrena-angustitarsata-viereck,-1904"
"Andrena
anisochlora",Mining bee,,Andrena_sp.JPG,"""Mining Bee""",treegrow,CC BY 2.0.,https://creativecommons.org/licenses/by/2.0/,https://en.wikipedia.org/wiki/Andrena_anisochlora,"http://www.beesofcanada.com/species/andrena-anisochlora-cockerell,-1936",https://en.wikipedia.org/wiki/Andrena,"http://www.beesofcanada.com/species/andrena-anisochlora-cockerell,-1936"
"Andrena
astragali",Mining bee,,Andrena_astragali.JPG,"""Andrena astragali, female, side_2012-08-06-16.17.29 ZS PMax""",Sam Droege,CC PDM 1.0.,http://creativecommons.org/publicdomain/zero/1.0/deed.en,https://en.wikipedia.org/wiki/Andrena_astragali,"http://www.beesofcanada.com/species/andrena-astragali-viereck-and-cockerell,-1914",https://en.wikipedia.org/wiki/Andrena,"http://www.beesofcanada.com/species/andrena-astragali-viereck-and-cockerell,-1914"
"Andrena
auricoma",Mining bee,,Andrena_sp.JPG,"""Mining Bee""",treegrow,CC BY 2.0.,https://creativecommons.org/licenses/by/2.0/,https://en.wikipedia.org/wiki/Andrena_auricoma,"http://www.beesofcanada.com/species/andrena-auricoma-smith,-1879",https://en.wikipedia.org/wiki/Andrena,"http://www.beesofcanada.com/species/andrena-auricoma-smith,-1879"
"Andrena
buckelli",Mining bee,,Andrena_sp.JPG,"""Mining Bee""",treegrow,CC BY 2.0.,https://creativecommons.org/licenses/by/2.0/,https://en.wikipedia.org/wiki/Andrena_buckelli,"http://www.beesofcanada.com/species/andrena-buckelli-viereck,-1924",https://en.wikipedia.org/wiki/Andrena,"http://www.beesofcanada.com/species/andrena-buckelli-viereck,-1924"
"Andrena
caerulea",Mining bee,,Andrena_caerulea.JPG,"""Andrena caerulea, f, side, Santa Barbara, CA_2016-08-12-16.59""",Sam Droege,CC PDM 1.0.,http://creativecommons.org/publicdomain/zero/1.0/deed.en,https://en.wikipedia.org/wiki/Andrena_caerulea,"http://www.beesofcanada.com/species/andrena-caerulea-smith,-1879",https://en.wikipedia.org/wiki/Andrena,"http://www.beesofcanada.com/species/andrena-caerulea-smith,-1879"
"Andrena
candida",Mining bee,,Andrena_sp.JPG,"""Mining Bee""",treegrow,CC BY 2.0.,https://creativecommons.org/licenses/by/2.0/,https://en.wikipedia.org/wiki/Andrena_candida,"http://www.beesofcanada.com/species/andrena-candida-smith,-1879",https://en.wikipedia.org/wiki/Andrena,"http://www.beesofcanada.com/species/andrena-candida-smith,-1879"
"Andrena
chlorogaster",Mining bee,,Andrena_sp.JPG,"""Mining Bee""",treegrow,CC BY 2.0.,https://creativecommons.org/licenses/by/2.0/,https://en.wikipedia.org/wiki/Andrena_chlorogaster,"http://www.beesofcanada.com/species/andrena-chlorogaster-viereck,-1904",https://en.wikipedia.org/wiki/Andrena,"http://www.beesofcanada.com/species/andrena-chlorogaster-viereck,-1904"
"Andrena
chlorura",Mining bee,,Andrena_sp.JPG,"""Mining Bee""",treegrow,CC BY 2.0.,https://creativecommons.org/licenses/by/2.0/,https://en.wikipedia.org/wiki/Andrena_chlorura,"http://www.beesofcanada.com/species/andrena-chlorura-cockerell,-1916-",https://en.wikipedia.org/wiki/Andrena,"http://www.beesofcanada.com/species/andrena-chlorura-cockerell,-1916-"
"Andrena
crataegi",Mining bee,,Andrena_crataegi.JPG,"""Andrena-crataegi,-female,-side_2012-08-07-19.11.46-ZS-PMax""",Sam Droege,CC PDM 1.0.,http://creativecommons.org/publicdomain/zero/1.0/deed.en,https://en.wikipedia.org/wiki/Andrena_crataegi,"http://www.beesofcanada.com/species/andrena-crataegi-robertson,-1893",https://en.wikipedia.org/wiki/Andrena,"http://www.beesofcanada.com/species/andrena-crataegi-robertson,-1893"
"Andrena
cressonii",Mining bee,,Andrena_cressonii.JPG,"""Andrena cressonii, f, right, Pr. George's Co., MD_2018-05-29-14.16""",Sam Droege,CC PDM 1.0.,http://creativecommons.org/publicdomain/zero/1.0/deed.en,https://en.wikipedia.org/wiki/Andrena_cressonii,"http://www.beesofcanada.com/species/andrena-cressonii-infasciata-lanham,-1949",https://en.wikipedia.org/wiki/Andrena,"http://www.beesofcanada.com/species/andrena-cressonii-infasciata-lanham,-1949"
"Andrena
cupreotincta",Mining bee,,Andrena_cupreotincta.JPG,"""Andrena cupreotincta""",No creator given,CC0 1.0.,http://creativecommons.org/publicdomain/zero/1.0/deed.en,https://en.wikipedia.org/wiki/Andrena_cupreotincta,"http://www.beesofcanada.com/species/andrena-cupreotincta-cockerell,-1901",https://en.wikipedia.org/wiki/Andrena,"http://www.beesofcanada.com/species/andrena-cupreotincta-cockerell,-1901"
"Andrena
evoluta",Mining bee,,Andrena_sp.JPG,"""Mining Bee""",treegrow,CC BY 2.0.,https://creativecommons.org/licenses/by/2.0/,https://en.wikipedia.org/wiki/Andrena_evoluta,http://www.beesofcanada.com/species/andrena-evoluta-linsley-and-macswain-1961,https://en.wikipedia.org/wiki/Andrena,http://www.beesofcanada.com/species/andrena-evoluta-linsley-and-macswain-1961
"Andrena
hemileuca",Mining bee,,Andrena_sp.JPG,"""Mining Bee""",treegrow,CC BY 2.0.,https://creativecommons.org/licenses/by/2.0/,https://en.wikipedia.org/wiki/Andrena_hemileuca,"http://www.beesofcanada.com/species/andrena-hemileuca-viereck,-1904",https://en.wikipedia.org/wiki/Andrena,"http://www.beesofcanada.com/species/andrena-hemileuca-viereck,-1904"
"Andrena
lupinorum",Mining bee,,Andrena_lupinorum.JPG,"""Andrena lupinorum, female, side_2012-08-03-16.45.54 ZS PMax""",Sam Droege,CC PDM 1.0.,http://creativecommons.org/publicdomain/zero/1.0/deed.en,https://en.wikipedia.org/wiki/Andrena_lupinorum,"http://www.beesofcanada.com/species/andrena-lupinorum-cockerell,-1906",https://en.wikipedia.org/wiki/Andrena,"http://www.beesofcanada.com/species/andrena-lupinorum-cockerell,-1906"
"Andrena
melanochroa",Mining bee,,Andrena_melanochroa.JPG,"""Andrena melanochroa, F, Back1, NC, Moore County_2014-01-07-18.46.03 ZS PMax""",Sam Droege,CC PDM 1.0.,http://creativecommons.org/publicdomain/zero/1.0/deed.en,https://en.wikipedia.org/wiki/Andrena_melanochroa,"http://www.beesofcanada.com/species/andrena-melanochroa-cockerell,-1898",https://en.wikipedia.org/wiki/Andrena,"http://www.beesofcanada.com/species/andrena-melanochroa-cockerell,-1898"
"Andrena
merriami",Mining bee,,Andrena_merriami.JPG,"""Andrena merriami, female, side_2012-08-08-16.49""",Sam Droege,CC PDM 1.0.,http://creativecommons.org/publicdomain/zero/1.0/deed.en,https://en.wikipedia.org/wiki/Andrena_merriami,"http://www.beesofcanada.com/species/andrena-merriami-cockerell,-1901",https://en.wikipedia.org/wiki/Andrena,"http://www.beesofcanada.com/species/andrena-merriami-cockerell,-1901"
"Andrena
microchlora",Mining bee,,Andrena_sp.JPG,"""Mining Bee""",treegrow,CC BY 2.0.,https://creativecommons.org/licenses/by/2.0/,https://en.wikipedia.org/wiki/Andrena_microchlora,"http://www.beesofcanada.com/species/andrena-microchlora-cockerell,-1922",https://en.wikipedia.org/wiki/Andrena,"http://www.beesofcanada.com/species/andrena-microchlora-cockerell,-1922"
"Andrena
miserabilis",Mining bee,,Andrena_miserabilis.JPG,"""Andrena, miserabilis, f, left, Maryland, P.G_2018-05-16-17.46""",Sam Droege,CC PDM 1.0.,http://creativecommons.org/publicdomain/zero/1.0/deed.en,https://en.wikipedia.org/wiki/Andrena_miserabilis,"http://www.beesofcanada.com/species/andrena-miserabilis-cresson,-1872",https://en.wikipedia.org/wiki/Andrena,"http://www.beesofcanada.com/species/andrena-miserabilis-cresson,-1872"
"Andrena
nigrihirta",Mining bee,,Andrena_sp.JPG,"""Mining Bee""",treegrow,CC BY 2.0.,https://creativecommons.org/licenses/by/2.0/,https://en.wikipedia.org/wiki/Andrena_nigrihirta,"http://www.beesofcanada.com/species/andrena-nigrihirta-(ashmead,-1890)",https://en.wikipedia.org/wiki/Andrena,"http://www.beesofcanada.com/species/andrena-nigrihirta-(ashmead,-1890)"
"Andrena
nigrocaerulea",Mining bee,,Andrena_sp.JPG,"""Mining Bee""",treegrow,CC BY 2.0.,https://creativecommons.org/licenses/by/2.0/,https://en.wikipedia.org/wiki/Andrena_nigrocaerulea,http://www.beesofcanada.com/species/andrena-nigrocaerulea,https://en.wikipedia.org/wiki/Andrena,http://www.beesofcanada.com/species/andrena-nigrocaerulea
"Andrena
nivalis",Mining bee,,Andrena_nivalis.JPG,"""Andrena nivalis, F, Side,Giles Co, VA_2014-02-05-17.06.06 ZS PMax""",Sam Droege,CC PDM 1.0.,http://creativecommons.org/publicdomain/zero/1.0/deed.en,https://en.wikipedia.org/wiki/Andrena_nivalis,"http://www.beesofcanada.com/species/andrena-nivalis-smith,-1853",https://en.wikipedia.org/wiki/Andrena,"http://www.beesofcanada.com/species/andrena-nivalis-smith,-1853"
"Andrena
pallidifovea",Mining bee,,Andrena_sp.JPG,"""Mining Bee""",treegrow,CC BY 2.0.,https://creativecommons.org/licenses/by/2.0/,https://en.wikipedia.org/wiki/Andrena_pallidifovea,http://www.beesofcanada.com/species/andrena-pallidifovea,https://en.wikipedia.org/wiki/Andrena,http://www.beesofcanada.com/species/andrena-pallidifovea
"Andrena
perplexa",Mining bee,,Andrena_perplexa.JPG,"""Andrena-perplexa,------,side_2012-06-11-15.53.09-ZS-PMax""",Sam Droege,CC PDM 1.0.,http://creativecommons.org/publicdomain/zero/1.0/deed.en,https://en.wikipedia.org/wiki/Andrena_perplexa,"http://www.beesofcanada.com/species/andrena-perplexa-smith,-1853",https://en.wikipedia.org/wiki/Andrena,"http://www.beesofcanada.com/species/andrena-perplexa-smith,-1853"
"Andrena
prunorum",Mining bee,,Andrena_prunorum.JPG,"""Andrena prunorum""",No creator given,CC0 1.0,http://creativecommons.org/publicdomain/zero/1.0/deed.en,https://en.wikipedia.org/wiki/Andrena_prunorum,"http://www.beesofcanada.com/species/andrena-prunorum-prunorum-cockerell,-1896",https://en.wikipedia.org/wiki/Andrena,"http://www.beesofcanada.com/species/andrena-prunorum-prunorum-cockerell,-1896"
"Andrena
rufosignata",Mining bee,,Andrena_sp.JPG,"""Mining Bee""",treegrow,CC BY 2.0.,https://creativecommons.org/licenses/by/2.0/,https://en.wikipedia.org/wiki/Andrena_rufosignata,"http://www.beesofcanada.com/species/andrena-rufosignata-cockerell,-1902",https://en.wikipedia.org/wiki/Andrena,"http://www.beesofcanada.com/species/andrena-rufosignata-cockerell,-1902"
"Andrena
saccata",Mining bee,,Andrena_sp.JPG,"""Mining Bee""",treegrow,CC BY 2.0.,https://creativecommons.org/licenses/by/2.0/,https://en.wikipedia.org/wiki/Andrena_saccata,"http://www.beesofcanada.com/species/andrena-saccata-viereck,-1904",https://en.wikipedia.org/wiki/Andrena,"http://www.beesofcanada.com/species/andrena-saccata-viereck,-1904"
"Andrena
salicifloris",Mining bee,,Andrena_sp.JPG,"""Mining Bee""",treegrow,CC BY 2.0.,https://creativecommons.org/licenses/by/2.0/,https://en.wikipedia.org/wiki/Andrena_salicifloris,"http://www.beesofcanada.com/species/andrena-salicifloris-cockerell,-1897",https://en.wikipedia.org/wiki/Andrena,"http://www.beesofcanada.com/species/andrena-salicifloris-cockerell,-1897"
"Andrena
schuhi",Mining bee,,Andrena_sp.JPG,"""Mining Bee""",treegrow,CC BY 2.0.,https://creativecommons.org/licenses/by/2.0/,https://en.wikipedia.org/wiki/Andrena_schuhi,"http://www.beesofcanada.com/species/andrena-schuhi-laberge,-1980",https://en.wikipedia.org/wiki/Andrena,"http://www.beesofcanada.com/species/andrena-schuhi-laberge,-1980"
"Andrena
scurra",Mining bee,,Andrena_sp.JPG,"""Mining Bee""",treegrow,CC BY 2.0.,https://creativecommons.org/licenses/by/2.0/,https://en.wikipedia.org/wiki/Andrena_scurra,"http://www.beesofcanada.com/species/andrena-scurra-viereck,-1904",https://en.wikipedia.org/wiki/Andrena,"http://www.beesofcanada.com/species/andrena-scurra-viereck,-1904"
"Andrena
sladeni",Mining bee,,Andrena_sp.JPG,"""Mining Bee""",treegrow,CC BY 2.0.,https://creativecommons.org/licenses/by/2.0/,https://en.wikipedia.org/wiki/Andrena_sladeni,"http://www.beesofcanada.com/species/andrena-sladeni-viereck,-1924",https://en.wikipedia.org/wiki/Andrena,"http://www.beesofcanada.com/species/andrena-sladeni-viereck,-1924"
"Andrena
sola",Mining bee,,Andrena_sp.JPG,"""Mining Bee""",treegrow,CC BY 2.0.,https://creativecommons.org/licenses/by/2.0/,https://en.wikipedia.org/wiki/Andrena_sola,"http://www.beesofcanada.com/species/andrena-sola-viereck,-1917",https://en.wikipedia.org/wiki/Andrena,"http://www.beesofcanada.com/species/andrena-sola-viereck,-1917"
"Andrena
subtilis",Mining bee,,Andrena_subtilis.JPG,"""black-butt Mining bee (Andrena subtilis)""",Derell Licht,CC BY-ND 2.0.,https://creativecommons.org/licenses/by-nd/2.0/,https://en.wikipedia.org/wiki/Andrena_subtilis,"http://www.beesofcanada.com/species/andrena-subtilis-smith,-1879",https://en.wikipedia.org/wiki/Andrena,"http://www.beesofcanada.com/species/andrena-subtilis-smith,-1879"
"Andrena
transnigra",Mining bee,,Andrena_transnigra.JPG,"""Andrena transnigra paysoni""",No creator given,CC0 1.0,http://creativecommons.org/publicdomain/zero/1.0/deed.en,https://en.wikipedia.org/wiki/Andrena_transnigra,"http://www.beesofcanada.com/species/andrena-transnigra-viereck,-1904",https://en.wikipedia.org/wiki/Andrena,"http://www.beesofcanada.com/species/andrena-transnigra-viereck,-1904"
"Andrena
trevoris",Mining bee,,Andrena_trevoris.JPG,"""Andrena trevoris""",No creator given,CC0 1.0,http://creativecommons.org/publicdomain/zero/1.0/deed.en,https://en.wikipedia.org/wiki/Andrena_trevoris,"http://www.beesofcanada.com/species/andrena-trevoris-cockerell,-1897",https://en.wikipedia.org/wiki/Andrena,"http://www.beesofcanada.com/species/andrena-trevoris-cockerell,-1897"
"Andrena
vicinoides",Mining bee,,Andrena_sp.JPG,"""Mining Bee""",treegrow,CC BY 2.0.,https://creativecommons.org/licenses/by/2.0/,https://en.wikipedia.org/wiki/Andrena_vicinoides,http://www.beesofcanada.com/species/andrena-vicinoides,https://en.wikipedia.org/wiki/Andrena,http://www.beesofcanada.com/species/andrena-vicinoides
"Andrena
vierecki",Mining bee,,Andrena_vierecki.JPG,"""Andrena vierecki""",No creator given,CC0 1.0,http://creativecommons.org/publicdomain/zero/1.0/deed.en,https://en.wikipedia.org/wiki/Andrena_vierecki,"http://www.beesofcanada.com/species/andrena-vierecki-cockerell,-1904",https://en.wikipedia.org/wiki/Andrena,"http://www.beesofcanada.com/species/andrena-vierecki-cockerell,-1904"
"Andrena
w-scripta",Mining bee,,Andrena_sp.JPG,"""Mining Bee""",treegrow,CC BY 2.0.,https://creativecommons.org/licenses/by/2.0/,https://en.wikipedia.org/wiki/Andrena_w-scripta,"http://www.beesofcanada.com/species/andrena-w-scripta-viereck,-1904",https://en.wikipedia.org/wiki/Andrena,"http://www.beesofcanada.com/species/andrena-w-scripta-viereck,-1904"
"Anthaxia
inornata",Metallic wood boring beetles,,Anthaxia_inornata.JPG,"""Anthaxia inornata, mt. Pinos, Chula Vista Camp, 2020.07.01 (02)""", Vahe Martirosyan,CC BY-SA 2.0.,https://creativecommons.org/licenses/by-sa/2.0,https://en.wikipedia.org/wiki/Anthaxia_inornata,N/A,https://en.wikipedia.org/wiki/Anthaxia,N/A
"Anthidium
manicatum",Carder bees,,Anthidium_manicatum.JPG,"""Wool Carder Bee (Anthidium manicatum), Le Collet-de-Dèze, Lozère, France""",Frank.Vassen,CC BY 2.0.,https://creativecommons.org/licenses/by/2.0/,https://en.wikipedia.org/wiki/Anthidium_manicatum,http://www.beesofcanada.com/species/anthidium-manicatum,https://en.wikipedia.org/wiki/Anthidium,http://www.beesofcanada.com/species/anthidium-manicatum
"Anthidium
tenuiflorae",Carder bees,,Anthidium_tenuiflorae.JPG,"""Anthidium tenuiflorae, F, side, Keweenaw County, MI_2013-10-31-11.39.41 ZS PMax""",Sam Droege,CC PDM 1.0.,http://creativecommons.org/publicdomain/zero/1.0/deed.en,https://en.wikipedia.org/wiki/Anthidium_tenuiflorae,http://www.beesofcanada.com/species/anthidium-tenuiflorae,https://en.wikipedia.org/wiki/Anthidium,http://www.beesofcanada.com/species/anthidium-tenuiflorae
"Anthophora
pacifica",Digger bees,,Anthophora_pacifica.JPG,"""File:Melecta pacifica, f, side, md, pg 2015-05-14-09.54.48 ZS PMax.jpg""", USGS Bee Inventory and Monitoring Lab,CC BY 2.0.,https://creativecommons.org/licenses/by/2.0/,https://en.wikipedia.org/wiki/Anthophora_pacifica,"http://www.beesofcanada.com/species/anthophora-pacifica-cresson,-1878",https://en.wikipedia.org/wiki/Anthophora,"http://www.beesofcanada.com/species/anthophora-pacifica-cresson,-1878"
"Apis
mellifera",Honey bee,,Apis_mellifera.JPG,"""Honey Bee (Apis mellifera)""",Ryan Hodnett,CC BY 2.0.,https://creativecommons.org/licenses/by/2.0/,https://en.wikipedia.org/wiki/Western_honey_bee,http://www.beesofcanada.com/species/apis-mellifera,https://en.wikipedia.org/wiki/Honey_bee,http://www.beesofcanada.com/species/apis-mellifera
"Bembix
americana",Sand wasps,,Bembix_americana.JPG,"""Bembix americana dugi""",No creator given,CC0 1.0,http://creativecommons.org/publicdomain/zero/1.0/deed.en,https://en.wikipedia.org/wiki/Bembix_americana,N/A,https://en.wikipedia.org/wiki/Bembix,N/A
"Bembix
occidentalis",Sand wasps,,Bembix_sp.JPG,"""Sand Wasp - Bembix species, Kenilworth Aquatic Gardens, Washington, D.C.""",Judy Gallagher,CC BY 2.0.,https://creativecommons.org/licenses/by/2.0/,https://en.wikipedia.org/wiki/Bembix_occidentalis,N/A,https://en.wikipedia.org/wiki/Bembix,N/A
"Bombus
appositus",Bumble bees,,Bombus_appositus.JPG,"""File:Bombus appositus lateral2.jpg""",JerryFriedman,CC BY-SA 2.0.,https://creativecommons.org/licenses/by-sa/2.0,https://en.wikipedia.org/wiki/Bombus_appositus,http://www.beesofcanada.com/species/bombus-appositus,https://en.wikipedia.org/wiki/Bumblebee,http://www.beesofcanada.com/species/bombus-appositus
"Bombus
bifarius",Bumble bees,,Bombus_bifarus.JPG,"""Bombus_bifarus.JPG""",Sarah Johnson,N/A,N/A,https://en.wikipedia.org/wiki/Bombus_bifarius,N/A,https://en.wikipedia.org/wiki/Bumblebee,N/A
"Bombus
californicus",Bumble bees,,Bombus_californicus.JPG,"""Bombus (Fervidobombus) californicus""",No creator given,CC0 1.0,http://creativecommons.org/publicdomain/zero/1.0/deed.en,https://en.wikipedia.org/wiki/Bombus_californicus,N/A,https://en.wikipedia.org/wiki/Bumblebee,N/A
"Bombus
centralis",Bumble bees,,Bombus_centralis.JPG,"""Bombus_centralis.JPG""",Sarah Johnson,N/A,N/A,https://en.wikipedia.org/wiki/Bombus_centralis,http://www.beesofcanada.com/species/bombus-centralis,https://en.wikipedia.org/wiki/Bumblebee,http://www.beesofcanada.com/species/bombus-centralis
"Bombus
fervidus",Bumble bees,,Bombus_fervidus.JPG,"""Bombus_fervidus.JPG""",Sarah Johnson,N/A,N/A,https://en.wikipedia.org/wiki/Bombus_fervidus,"http://www.beesofcanada.com/species/bombus-fervidus-(fabricius,-1798)",https://en.wikipedia.org/wiki/Bumblebee,"http://www.beesofcanada.com/species/bombus-fervidus-(fabricius,-1798)"
"Bombus
flavifrons",Bumble bees,,Bombus_flavifrons.JPG,"""Bombus_flavifrons.JPG""",Sarah Johnson,N/A,N/A,https://en.wikipedia.org/wiki/Bombus_flavifrons,http://www.beesofcanada.com/species/bombus-flavifrons,https://en.wikipedia.org/wiki/Bumblebee,http://www.beesofcanada.com/species/bombus-flavifrons
"Bombus
griseocollis",Bumble bees,,Bombus_griseocollis.JPG,"""Bombus-griscocolis,-unkown,-side_2012-07-03-14.43.53-ZS-PMax""",Sam Droege,CC PDM 1.0.,http://creativecommons.org/publicdomain/zero/1.0/deed.en,https://en.wikipedia.org/wiki/Bombus_griseocollis,http://www.beesofcanada.com/species/bombus-griseocollis,https://en.wikipedia.org/wiki/Bumblebee,http://www.beesofcanada.com/species/bombus-griseocollis
"Bombus
huntii",Bumble bees,,Bombus_huntii.JPG,"""Bombus huntii, M, side, Pennington County, SD_2012-11-14-15.41.21 ZS PMax""",Sam Droege,CC PDM 1.0.,http://creativecommons.org/publicdomain/zero/1.0/deed.en,https://en.wikipedia.org/wiki/Bombus_huntii,http://www.beesofcanada.com/species/bombus-huntii,https://en.wikipedia.org/wiki/Bumblebee,http://www.beesofcanada.com/species/bombus-huntii
"Bombus
impatiens",Bumble bees,,Bombus_impatiens.JPG,"""Bombus_impatiens.JPG""",Sarah Johnson,N/A,N/A,https://en.wikipedia.org/wiki/Bombus_impatiens,http://www.beesofcanada.com/species/bombus-impatiens,https://en.wikipedia.org/wiki/Bumblebee,http://www.beesofcanada.com/species/bombus-impatiens
"Bombus
melanopygus",Bumble bees,,Bombus_melanopygus.JPG,"""Bombus_melanopygus.JPG""",Sarah Johnson,N/A,N/A,https://en.wikipedia.org/wiki/Bombus_melanopygus,http://www.beesofcanada.com/species/bombus-melanopygus,https://en.wikipedia.org/wiki/Bumblebee,http://www.beesofcanada.com/species/bombus-melanopygus
"Bombus
mixtus",Bumble bees,,Bombus_mixtus.JPG,"""Bombus_mixtus.JPG""",Sarah Johnson,N/A,N/A,https://en.wikipedia.org/wiki/Bombus_mixtus,http://www.beesofcanada.com/species/bombus-mixtus,https://en.wikipedia.org/wiki/Bumblebee,http://www.beesofcanada.com/species/bombus-mixtus
"Bombus
nevadensis",Bumble bees,,Bombus_nevadensis.JPG,"""Bombus_nevadensis.JPG""",Sarah Johnson,N/A,N/A,https://en.wikipedia.org/wiki/Bombus_nevadensis,http://www.beesofcanada.com/species/bombus-nevadensis,https://en.wikipedia.org/wiki/Bumblebee,http://www.beesofcanada.com/species/bombus-nevadensis
"Bombus
occidentalis",Bumble bees,,Bombus_occidentalis.JPG,"""Bombus_occidentalis.JPG""",Sarah Johnson,N/A,N/A,https://en.wikipedia.org/wiki/Bombus_occidentalis,http://www.beesofcanada.com/species/bombus-occidentalis-occidentalis,https://en.wikipedia.org/wiki/Bumblebee,http://www.beesofcanada.com/species/bombus-occidentalis-occidentalis
"Bombus
sitkensis",Bumble bees,,Bombus_sitkensis.JPG,"""Bombus_sitkensis.JPG""",Sarah Johnson,N/A,N/A,https://en.wikipedia.org/wiki/Bombus_sitkensis,http://www.beesofcanada.com/species/bombus-sitkensis,https://en.wikipedia.org/wiki/Bumblebee,http://www.beesofcanada.com/species/bombus-sitkensis
"Bombus
vandykei",Bumble bees,,Bombus_vandykei.JPG,"""Bombus vandykei, m, right, Mariposa CA_2017-08-02-14.45""",Sam Droege,CC PDM 1.0.,http://creativecommons.org/publicdomain/zero/1.0/deed.en,https://en.wikipedia.org/wiki/Bombus_vandykei,http://www.beesofcanada.com/species/bombus-vandykei,https://en.wikipedia.org/wiki/Bumblebee,http://www.beesofcanada.com/species/bombus-vandykei
"Bombus
vosnesenskii",Bumble bees,,Bombus_vosnesenskii.JPG,"""Bombus_vosnesenskii.JPG""",Sarah Johnson,N/A,N/A,https://en.wikipedia.org/wiki/Bombus_vosnesenskii,"http://www.beesofcanada.com/species/bombus-vosnesenskii-radoszkowski,-1862",https://en.wikipedia.org/wiki/Bumblebee,"http://www.beesofcanada.com/species/bombus-vosnesenskii-radoszkowski,-1862"
"Bombylius
major",Greater bee flies,,Bombylius_major.JPG,"""First Beefly, Bombylius major""",gailhampshire,CC BY 2.0.,https://creativecommons.org/licenses/by/2.0/,https://en.wikipedia.org/wiki/Bombylius_major,N/A,https://en.wikipedia.org/wiki/Bombylius,N/A
"Bombylius
xanthothrix",Greater bee flies,,Bombylius_sp.JPG,"""Bee Fly. Bombylius major""",gailhampshire,CC BY 2.0.,https://creativecommons.org/licenses/by/2.0/,https://en.wikipedia.org/wiki/Bombylius_xanthothrix,N/A,https://en.wikipedia.org/wiki/Bombylius,N/A
"Calliphora
aldrichia",Blow flies,,Calliphora_sp.JPG,"""Calliphora vicina, Harlech, North Wales, March 2017""",janetgraham84new,CC BY 2.0.,https://creativecommons.org/licenses/by/2.0/,https://en.wikipedia.org/wiki/Calliphora,N/A,https://en.wikipedia.org/wiki/Calliphora,N/A
"Calypte
anna",Hummingbirds,,Calypte_anna.JPG,"""File:Annas Hummingbird (Calypte anna), male (4205673916).jpg""",Steve Berardi,CC BY-SA 2.0.,https://creativecommons.org/licenses/by-sa/2.0,https://en.wikipedia.org/wiki/Anna%27s_hummingbird,N/A,https://en.wikipedia.org/wiki/Calypte,N/A
"Ceratina
acantha",Small carpenter bees,,Ceratina_sp.JPG,"""File:Ceratina WG.jpg""",L. Shyamal,CC BY-SA 3.0.,https://creativecommons.org/licenses/by-sa/3.0,https://en.wikipedia.org/wiki/Ceratina_acantha,"http://www.beesofcanada.com/species/ceratina-acantha-provancher,-1895",https://en.wikipedia.org/wiki/Ceratina,"http://www.beesofcanada.com/species/ceratina-acantha-provancher,-1895"
"Ceratina
micheneri",Small carpenter bees,,Ceratina_sp.JPG,"""File:Ceratina WG.jpg""",L. Shyamal,CC BY-SA 3.0.,https://creativecommons.org/licenses/by-sa/3.0,https://en.wikipedia.org/wiki/Ceratina_micheneri,"http://www.beesofcanada.com/species/ceratina-micheneri-daly,-1973",https://en.wikipedia.org/wiki/Ceratina,"http://www.beesofcanada.com/species/ceratina-micheneri-daly,-1973"
"Ceratina
nanula",Small carpenter bees,,Ceratina_nanula.JPG,"""Ceratina nanula""",No creator given,CC0 1.0,http://creativecommons.org/publicdomain/zero/1.0/deed.en,https://en.wikipedia.org/wiki/Ceratina_nanula,"http://www.beesofcanada.com/species/ceratina-nanula-cockerell,-1897",https://en.wikipedia.org/wiki/Ceratina,"http://www.beesofcanada.com/species/ceratina-nanula-cockerell,-1897"
"Ceratina
pacifica",Small carpenter bees,,Ceratina_sp.JPG,"""File:Ceratina WG.jpg""",L. Shyamal,CC BY-SA 3.0.,https://creativecommons.org/licenses/by-sa/3.0,https://en.wikipedia.org/wiki/Ceratina_pacifica,http://www.beesofcanada.com/species/ceratina-pacifica,https://en.wikipedia.org/wiki/Ceratina,http://www.beesofcanada.com/species/ceratina-pacifica
"Cheilosia
rita",Hoverfly,,Cheilosia_sp.JPG,"""Cheilosia impressa, Jansbach bei Rocherath, Ostbelgien""",Frank.Vassen,CC BY 2.0.,https://creativecommons.org/licenses/by/2.0/,https://en.wikipedia.org/wiki/Cheilosia_rita,N/A,https://en.wikipedia.org/wiki/Cheilosia,N/A
"Chrysotoxum
fasciatus",Coloured hoverfly,Chrysotoxum fasciatum,Chrysotoxum_sp.JPG,"""Chrysotoxum verralli""",gailhampshire,CC BY 2.0.,https://creativecommons.org/licenses/by/2.0/,https://en.wikipedia.org/wiki/Chrysotoxum_fasciatum,N/A,https://en.wikipedia.org/wiki/Chrysotoxum,N/A
"Coelioxys
rufitarsis",Leafcutter cuckoo bees,,Coelioxys_rufitarsis.JPG,"""Coelioxys rufitarsis, F, Side, NY, Elk Lake_2014-09-04-16.01.29 ZS PMax""",Sam Droege,CC PDM 1.0.,http://creativecommons.org/publicdomain/zero/1.0/deed.en,https://en.wikipedia.org/wiki/Coelioxys_rufitarsis,"http://www.beesofcanada.com/species/coelioxys-rufitarsis-smith,-1854",https://en.wikipedia.org/wiki/Coelioxys,"http://www.beesofcanada.com/species/coelioxys-rufitarsis-smith,-1854"
"Colletes
consors",Plasterer bees,,Colletes_sp.JPG,"""Plasterer Bee . Colletes sp. face""",gailhampshire,CC BY 2.0.,https://creativecommons.org/licenses/by/2.0/,https://en.wikipedia.org/wiki/Colletes_consors,"http://www.beesofcanada.com/species/colletes-consors-mesocopus-swenk,-1907",https://en.wikipedia.org/wiki/Colletes,"http://www.beesofcanada.com/species/colletes-consors-mesocopus-swenk,-1907"
"Colletes
fulgidus",Plasterer bees,,Colletes_sp.JPG,"""Plasterer Bee . Colletes sp. face""",gailhampshire,CC BY 2.0.,https://creativecommons.org/licenses/by/2.0/,https://en.wikipedia.org/wiki/Colletes_fulgidus,"http://www.beesofcanada.com/species/colletes-fulgidus-fulgidus-swenk,-1904",https://en.wikipedia.org/wiki/Colletes,"http://www.beesofcanada.com/species/colletes-fulgidus-fulgidus-swenk,-1904"
"Colletes
kincaidii",Plasterer bees,,Colletes_kincaidii.JPG,"""Colletes kincaidii, f, right, Grant Co., Hyannis, NE_2018-08-10-15.59.54 ZS PMax UDR""",YellowstoneNPS,CC PDM 1.0.,http://creativecommons.org/publicdomain/zero/1.0/deed.en,https://en.wikipedia.org/wiki/Colletes_kincaidii,"http://www.beesofcanada.com/species/colletes-kincaidii-cockerell,-1898",https://en.wikipedia.org/wiki/Colletes,"http://www.beesofcanada.com/species/colletes-kincaidii-cockerell,-1898"
"Conophorus
columbiensis",Lesser bee flies,,Conophorus_sp.JPG,"""Conophorus virescens""",jacilluch,CC BY-SA 2.0.,https://creativecommons.org/licenses/by-sa/2.0/,https://en.wikipedia.org/wiki/Conophorus_columbiensis,N/A,https://en.wikipedia.org/wiki/Conophorus,N/A
"Conophorus
sackenii",Lesser bee flies,,Conophorus_sp.JPG,"""Conophorus virescens""",jacilluch,CC BY-SA 2.0.,https://creativecommons.org/licenses/by-sa/2.0,https://en.wikipedia.org/wiki/Conophorus_sackenii,N/A,https://en.wikipedia.org/wiki/Conophorus,N/A
"Cortodera
subpilosa",Longhorn beetle,,Cortodera_sp.JPG,"""File:Cortodera flavimana 11.jpg""",Milan Đurić,CC BY-SA 4.0.,https://creativecommons.org/licenses/by-sa/4.0,https://en.wikipedia.org/wiki/Cortodera_subpilosa,N/A,https://en.wikipedia.org/wiki/Cortodera,N/A
"Dianthidium
subparvum",Resin bee,,Dianthidium_sp.JPG,"""Dianthidium-simile,-female,-side_2012-06-27-17.03.28-ZS-PMax""",Sam Droege,CC PDM 1.0.,http://creativecommons.org/publicdomain/zero/1.0/deed.en,https://en.wikipedia.org/wiki/Dianthidium_subparvum,http://www.beesofcanada.com/species/dianthidium-subparvum,https://en.wikipedia.org/wiki/Dianthidium,http://www.beesofcanada.com/species/dianthidium-subparvum
"Dolichovespula
arenaria",Yellowjackets,,Dolichovespula_arenaria.JPG,"""Dolichovespula arenaria""",Gilles Gonthier,CC BY 2.0.,https://creativecommons.org/licenses/by/2.0/,https://en.wikipedia.org/wiki/Dolichovespula_arenaria,N/A,https://en.wikipedia.org/wiki/Yellowjacket,N/A
"Dolichovespula
maculata",Yellowjackets,,Dolichovespula_maculata.JPG,"""Baldfaced Hornet - Dolichovespula maculata""",Slomoz,CC BY-SA 2.0.,https://creativecommons.org/licenses/by-sa/2.0/,https://en.wikipedia.org/wiki/Bald-faced_hornet,N/A,https://en.wikipedia.org/wiki/Yellowjacket,N/A
"Dufourea
trochantera",Sweat bees,,Dufourea_sp.JPG,"""Dufourea""", aspidoscelis,CC0 1.0,http://creativecommons.org/publicdomain/zero/1.0/deed.en,https://en.wikipedia.org/wiki/Dufourea_trochantera,http://www.beesofcanada.com/species/dufourea-trochantera,https://en.wikipedia.org/wiki/Dufourea,http://www.beesofcanada.com/species/dufourea-trochantera
"Epalpus
signifer",Tachinid flies,,Epalpus_signifer.JPG,"""File:Tachinid - Epalpus signifer, Woodbridge, Virginia.jpg""",Judy Gallagher,CC BY 2.0.,https://creativecommons.org/licenses/by/2.0/,https://en.wikipedia.org/wiki/Epalpus_signifer,N/A,https://en.wikipedia.org/wiki/Epalpus,N/A
"Epeolus
minimus",Variegated cuckoo-bees,,Epeolus_minimus.JPG,"""Epeolus minimus, F, LSide, Co., SD_2013-11-20-16.40.48 ZS PMax""",Sam Droege,CC PDM 1.0.,http://creativecommons.org/publicdomain/zero/1.0/deed.en,https://en.wikipedia.org/wiki/Epeolus_minimus,http://www.beesofcanada.com/species/epeolus-minimus,https://en.wikipedia.org/wiki/Epeolus,http://www.beesofcanada.com/species/epeolus-minimus
"Eriozona
erraticus",Hoverflies,Megasyrphus erraticus,Megasyrphus_erraticus.JPG,"""Megasyrphus erraticus (male)""",S. Rae,CC BY 2.0.,https://creativecommons.org/licenses/by/2.0/,https://en.wikipedia.org/wiki/Megasyrphus_erraticus,N/A,https://en.wikipedia.org/wiki/Megasyrphus,N/A
"Eristalis
anthophorinus",Droneflies,Eristalis anthophorina,Eristalis_tenax.JPG,"""Drone-fly (Eristalis tenax)""",Peter O'Connor aka anemoneprojectors,CC BY-SA 2.0.,https://creativecommons.org/licenses/by-sa/2.0,https://en.wikipedia.org/wiki/Eristalis_anthophorina,N/A,https://en.wikipedia.org/wiki/Eristalis,N/A
"Eristalis
arbustorum",Droneflies,,Eristalis_arbustorum.JPG,"""Eristalis arbustorum ♂, Parc de Woluwé, Bruxelles""",Frank.Vassen,CC BY 2.0.,https://creativecommons.org/licenses/by/2.0/,https://en.wikipedia.org/wiki/Eristalis_arbustorum,N/A,https://en.wikipedia.org/wiki/Eristalis,N/A
"Eristalis
brousii",Droneflies,,Eristalis_tenax.JPG,"""Drone-fly (Eristalis tenax)""",Peter O'Connor aka anemoneprojectors,CC BY-SA 2.0.,https://creativecommons.org/licenses/by-sa/2.0,https://en.wikipedia.org/wiki/Eristalis_brousii,N/A,https://en.wikipedia.org/wiki/Eristalis,N/A
"Eristalis
dimidiatus",Droneflies,Eristalis dimidiata,Eristalis_dimidiata.JPG,"""File:Eristalis dimidiatus.jpg""",Caromallo,CC BY-SA 3.0.,https://creativecommons.org/licenses/by-sa/3.0,https://en.wikipedia.org/wiki/Eristalis_dimidiata,N/A,https://en.wikipedia.org/wiki/Eristalis,N/A
"Eristalis
hirtus",Droneflies,Eristalis hirta,Eristalis_tenax.JPG,"""Drone-fly (Eristalis tenax)""",Peter O'Connor aka anemoneprojectors,CC BY-SA 2.0.,https://creativecommons.org/licenses/by-sa/2.0,https://en.wikipedia.org/wiki/Eristalis_hirta,N/A,https://en.wikipedia.org/wiki/Eristalis,N/A
"Eristalis
obscurus",Droneflies,Eristalis obscura,Eristalis_obscura.JPG,"""File:Eristalis obscura 44512853.jpg""",Jimmy Dee,CC BY-SA 4.0.,https://creativecommons.org/licenses/by-sa/4.0,https://en.wikipedia.org/wiki/Eristalis_obscura,N/A,https://en.wikipedia.org/wiki/Eristalis,N/A
"Eristalis
tenax",Droneflies,,Eristalis_tenax.JPG,"""Drone-fly (Eristalis tenax)""",Peter O'Connor aka anemoneprojectors,CC BY-SA 2.0.,https://creativecommons.org/licenses/by-sa/2.0,https://en.wikipedia.org/wiki/Eristalis_tenax,N/A,https://en.wikipedia.org/wiki/Eristalis,N/A
"Eristalis
transversa",Droneflies,,Eristalis_transversa.JPG,"""Transverse Flower Fly - Eristalis transversa, Meadowood Farm SRMA, Mason Neck, Virginia""",Judy Gallagher,CC BY 2.0.,https://creativecommons.org/licenses/by/2.0/,https://en.wikipedia.org/wiki/Eristalis_transversa,N/A,https://en.wikipedia.org/wiki/Eristalis,N/A
"Erynnis
propertius",Duskywings,,Erynnis_propertius.JPG,"""DUSKYWING, PROPERTIUS (erynnis propertius) (4-12-08) fem, river rd, near santa margarita lake, slo co, ca""",Sloalan,CC0 1.0,http://creativecommons.org/publicdomain/zero/1.0/deed.en,https://en.wikipedia.org/wiki/Erynnis_propertius,N/A,https://en.wikipedia.org/wiki/Duskywing,N/A
"Eucera
edwardsii",Long-horned bees,,Eucera_sp.JPG,"""Genus Eucera""",loarie,CC BY 2.0.,https://creativecommons.org/licenses/by/2.0/,https://en.wikipedia.org/wiki/Eucera_edwardsii,"http://www.beesofcanada.com/species/eucera-edwardsii-(cresson,-1878)",https://en.wikipedia.org/wiki/Eucera,"http://www.beesofcanada.com/species/eucera-edwardsii-(cresson,-1878)"
"Eucera
frater",Long-horned bees,,Eucera_frater.JPG,"""Eucera frater""",loarie,CC BY 2.0.,https://creativecommons.org/licenses/by/2.0/,https://en.wikipedia.org/wiki/Eucera_frater,http://www.beesofcanada.com/species/eucera-frater-lata,https://en.wikipedia.org/wiki/Eucera,http://www.beesofcanada.com/species/eucera-frater-lata
"Eucera
fulvitarsis",Long-horned bees,,Eucera_fulvitarsis.JPG,"""Eucera fulvitarsis, M, Side, WY, Lincoln Co_2014-10-30-11.19""", Sam Droege,CC PDM 1.0.,http://creativecommons.org/publicdomain/zero/1.0/deed.en,https://en.wikipedia.org/wiki/Eucera_fulvitarsis,"http://www.beesofcanada.com/species/eucera-fulvitarsis-(cresson,-1878)",https://en.wikipedia.org/wiki/Eucera,"http://www.beesofcanada.com/species/eucera-fulvitarsis-(cresson,-1878)"
"Eucera
virgata",Long-horned bees,,Eucera_sp.JPG,"""Genus Eucera""",loarie,CC BY 2.0.,https://creativecommons.org/licenses/by/2.0/,https://en.wikipedia.org/wiki/Eucera_virgata,http://www.beesofcanada.com/species/eucera-virgata-(cockerell-1905),https://en.wikipedia.org/wiki/Eucera,http://www.beesofcanada.com/species/eucera-virgata-(cockerell-1905)
"Eumerus
narcissi",Hoverflies,,Eumerus_sp.JPG,"""Eumerus sp""",gailhampshire,CC BY 2.0.,https://creativecommons.org/licenses/by/2.0/,https://en.wikipedia.org/wiki/Eumerus_narcissi,N/A,https://en.wikipedia.org/wiki/Eumerus,N/A
"Eupeodes
curtus",Hoverflies,,Eupeodes_sp.JPG,"""Syrphidae. Eupeodes (corollae?)""",gailhampshire,CC BY 2.0.,https://creativecommons.org/licenses/by/2.0/,https://en.wikipedia.org/wiki/Eupeodes_curtus,N/A,https://en.wikipedia.org/wiki/Eupeodes,N/A
"Eupeodes
fumipennis/pomus",Hoverflies,,Eupeodes_sp.JPG,"""Syrphidae. Eupeodes (corollae?)""",gailhampshire,CC BY 2.0.,https://creativecommons.org/licenses/by/2.0/,https://en.wikipedia.org/wiki/Eupeodes_fumipennis,N/A,https://en.wikipedia.org/wiki/Eupeodes,N/A
"Eupeodes
lapponicus",Hoverflies,,Eupeodes_lapponicus.JPG,"""File:Eupeodes lapponicus 01.JPG""",AfroBrazilian,CC BY-SA 4.0.,https://creativecommons.org/licenses/by-sa/4.0,https://en.wikipedia.org/wiki/Eupeodes_lapponicus,N/A,https://en.wikipedia.org/wiki/Eupeodes,N/A
"Eupeodes
latifasciatus",Hoverflies,,Eupeodes_latifasciatus.JPG,"""Eupeodes latifasciatus ♂, Parc de Woluwé, Bruxelles""",Frank.Vassen,CC BY 2.0.,https://creativecommons.org/licenses/by/2.0/,https://en.wikipedia.org/wiki/Eupeodes_latifasciatus,N/A,https://en.wikipedia.org/wiki/Eupeodes,N/A
"Eupeodes
volucris",Hoverflies,,Eupeodes_volucris.JPG,"""File:Eupeodes volucris 1611097.jpg""",Ken-ichi Ueda ,CC BY 4.0.,https://creativecommons.org/licenses/by/4.0,https://en.wikipedia.org/wiki/Eupeodes_volucris,N/A,https://en.wikipedia.org/wiki/Eupeodes,N/A
"Gymnosoma
fulginosa",Tachinid flies,,Gymnosoma_sp.JPG,"""File:Gymnosoma clavatum 04.JPG""",AfroBrazilian,CC BY-SA 4.0.,https://creativecommons.org/licenses/by-sa/4.0,https://en.wikipedia.org/wiki/Gymnosoma_fuliginosum,N/A,https://en.wikipedia.org/wiki/Gymnosoma,N/A
"Habropoda
cineraria",Mountain-diggers,,Habropoda_sp.JPG,"""Habropoda f""",JKehoe_Photos,CC BY-ND 2.0.,https://creativecommons.org/licenses/by-nd/2.0/,https://en.wikipedia.org/wiki/Habropoda_cineraria,"http://www.beesofcanada.com/species/habropoda-cineraria-(smith,-1879)",https://en.wikipedia.org/wiki/Habropoda,"http://www.beesofcanada.com/species/habropoda-cineraria-(smith,-1879)"
"Halictus
confusus",Sweat bees,,Halictus_confusus.JPG,"""Confusing Furrow Bee - Halictus confusus, Woodbridge, Virginia""",Judy Gallagher,CC BY 2.0.,https://creativecommons.org/licenses/by/2.0/,https://en.wikipedia.org/wiki/Halictus_confusus,http://www.beesofcanada.com/species/halictus-confusus,https://en.wikipedia.org/wiki/Halictus,http://www.beesofcanada.com/species/halictus-confusus
"Halictus
farinosus",Sweat bees,,Halictus_farinosus.JPG,"""Halictus_farinosus.JPG""",Sarah Johnson,N/A,N/A,https://en.wikipedia.org/wiki/Halictus_farinosus,http://www.beesofcanada.com/species/halictus-farinosus,https://en.wikipedia.org/wiki/Halictus,http://www.beesofcanada.com/species/halictus-farinosus
"Halictus
ligatus",Sweat bees,,Halictus_ligatus.JPG,"""Sweat bee (Halictus ligatus)""",insectsunlocked,CC0 1.0,http://creativecommons.org/publicdomain/zero/1.0/deed.en,https://en.wikipedia.org/wiki/Halictus_ligatus,http://www.beesofcanada.com/species/halictus-ligatus,https://en.wikipedia.org/wiki/Halictus,http://www.beesofcanada.com/species/halictus-ligatus
"Halictus
rubicundus",Sweat bees,,Halictus_rubicundus.JPG,"""Sweat bee (Halictus rubicundus)""",insectsunlocked,CC0 1.0,http://creativecommons.org/publicdomain/zero/1.0/deed.en,https://en.wikipedia.org/wiki/Halictus_rubicundus,http://www.beesofcanada.com/species/halictus-rubicundus,https://en.wikipedia.org/wiki/Halictus,http://www.beesofcanada.com/species/halictus-rubicundus
"Halictus
tripartitus",Sweat bees,,Halictus_tripartitus.JPG,"""Sweat Bee (Halictus tripartitus)""",insectsunlocked,CC0 1.0,http://creativecommons.org/publicdomain/zero/1.0/deed.en,https://en.wikipedia.org/wiki/Halictus_tripartitus,http://www.beesofcanada.com/species/halictus-tripartitus,https://en.wikipedia.org/wiki/Halictus,http://www.beesofcanada.com/species/halictus-tripartitus
"Helophilus
latifrons",Large hoverflies,,Helophilus_latifrons.JPG,"""File:Helophilus latifrons 45717952.jpg""",Quinten Wiegersma,CC BY 4.0.,https://creativecommons.org/licenses/by/4.0,https://en.wikipedia.org/wiki/Helophilus_latifrons,N/A,https://en.wikipedia.org/wiki/Helophilus,N/A
"Heriades
carinatus",Small black resin bees,,Heriades_carinatus.JPG,"""File:Heriades carinatus, F, Side, VA, Wolftrap 2013-06-26-17.16.06 ZS PMax.jpg""",Sam Droege,CC BY 2.0.,https://creativecommons.org/licenses/by/2.0/,https://en.wikipedia.org/wiki/Heriades_carinatus,http://www.beesofcanada.com/species/heriades-carinata,https://en.wikipedia.org/wiki/Heriades,http://www.beesofcanada.com/species/heriades-carinata
"Heriades
cressoni",Small black resin bees,,Heriades_sp.JPG,"""Bee - Heriades species, Coldstream, British Columbia""",Judy Gallagher,CC BY 2.0.,https://creativecommons.org/licenses/by/2.0/,https://en.wikipedia.org/wiki/Heriades_cressoni,http://www.beesofcanada.com/species/heriades-cressoni,https://en.wikipedia.org/wiki/Heriades,http://www.beesofcanada.com/species/heriades-cressoni
"Hoplitis
grinnelli",Hoplitis bees,,Hoplitis_sp.JPG,"""Hoplitis sp. (Megachilidae, Osmiini) enjoyes the sun heated surface of trash""",gbohne,CC BY-SA 2.0.,https://creativecommons.org/licenses/by-sa/2.0,https://en.wikipedia.org/wiki/Hoplitis_grinnelli,http://www.beesofcanada.com/species/hoplitis-grinnelli-septentrionalis,https://en.wikipedia.org/wiki/Hoplitis,http://www.beesofcanada.com/species/hoplitis-grinnelli-septentrionalis
"Hoplitis
sambuci",Hoplitis bees,,Hoplitis_sambuci.JPG,"""Hoplitis sambuci, m, left, Bray 2, CA_2019-03-22-11.08.24 ZS PMax UDR_1""",Sam Droege,CC PDM 1.0.,http://creativecommons.org/publicdomain/zero/1.0/deed.en,https://en.wikipedia.org/wiki/Hoplitis_sambuci,http://www.beesofcanada.com/species/hoplitis-sambuci,https://en.wikipedia.org/wiki/Hoplitis,http://www.beesofcanada.com/species/hoplitis-sambuci
"Hylaeus
basalis",Masked bees,,Hylaeus_basalis.JPG,"""Hylaeus basalis, F, Side, NY, Gravel Pits_2014-07-29-15.29""",Sam Droege,CC PDM 1.0.,http://creativecommons.org/publicdomain/zero/1.0/deed.en,https://en.wikipedia.org/wiki/Hylaeus_basalis,"http://www.beesofcanada.com/species/hylaeus-basalis-(smith,-1853)",https://en.wikipedia.org/wiki/Hylaeus_(bee),"http://www.beesofcanada.com/species/hylaeus-basalis-(smith,-1853)"
"Hylaeus
modestus",Masked bees,,Hylaeus_sp.JPG,"""Hylaeus sp, F, Side, Puerto Rico, Yauco_2015-01-30-14.48.33 ZS PMax""",Sam Droege,CC PDM 1.0.,http://creativecommons.org/publicdomain/zero/1.0/deed.en,https://en.wikipedia.org/wiki/Hylaeus_modestus,http://www.beesofcanada.com/species/hylaeus-modestus-citrinifrons,https://en.wikipedia.org/wiki/Hylaeus_(bee),http://www.beesofcanada.com/species/hylaeus-modestus-citrinifrons
"Lasioglossum
albipenne",Sweat bees,,Lasioglossum_sp.JPG,"""Small Metallic-banded bee - Lasioglossum sp?""", patrickkavanagh,CC BY 2.0.,https://creativecommons.org/licenses/by/2.0/,https://en.wikipedia.org/wiki/Lasioglossum_albipenne,"http://www.beesofcanada.com/species/lasioglossum-albipenne-(robertson,-1890)",https://en.wikipedia.org/wiki/Lasioglossum,"http://www.beesofcanada.com/species/lasioglossum-albipenne-(robertson,-1890)"
"Lasioglossum
athabascense",Sweat bees,,Lasioglossum_sp.JPG,"""Small Metallic-banded bee - Lasioglossum sp?""", patrickkavanagh,CC BY 2.0.,https://creativecommons.org/licenses/by/2.0/,https://en.wikipedia.org/wiki/List_of_Lasioglossum_species,http://www.beesofcanada.com/species/lasioglossum-athabascense,https://en.wikipedia.org/wiki/Lasioglossum,http://www.beesofcanada.com/species/lasioglossum-athabascense
"Lasioglossum
brunneiventre",Sweat bees,,Lasioglossum_sp.JPG,"""Small Metallic-banded bee - Lasioglossum sp?""", patrickkavanagh,CC BY 2.0.,https://creativecommons.org/licenses/by/2.0/,https://en.wikipedia.org/wiki/Lasioglossum_brunneiventre,"http://www.beesofcanada.com/species/lasioglossum-brunneiventre-(crawford,-1907)",https://en.wikipedia.org/wiki/Lasioglossum,"http://www.beesofcanada.com/species/lasioglossum-brunneiventre-(crawford,-1907)"
"Lasioglossum
cressonii",Sweat bees,,Lasioglossum_cressonii.JPG,"""Lasioglossum cressonii, f, side, Maine, Du Clos_2015-12-01-14.23""",Sam Droege,CC PDM 1.0.,http://creativecommons.org/publicdomain/zero/1.0/deed.en,https://en.wikipedia.org/wiki/Lasioglossum_cressonii,"http://www.beesofcanada.com/species/lasioglossum-cressonii-(robertson,-1890)",https://en.wikipedia.org/wiki/Lasioglossum,"http://www.beesofcanada.com/species/lasioglossum-cressonii-(robertson,-1890)"
"Lasioglossum
incompletum",Sweat bees,,Lasioglossum_incompletum.JPG,"""Lasioglossum incompletum, f, left, Pennington Co., SD_2018-08-15-18.11.59 ZS PMax UDR""",Sam Droege,CC PDM 1.0.,http://creativecommons.org/publicdomain/zero/1.0/deed.en,https://en.wikipedia.org/wiki/Lasioglossum_incompletum,"http://www.beesofcanada.com/species/lasioglossum-incompletum-(crawford,-1907)",https://en.wikipedia.org/wiki/Lasioglossum,"http://www.beesofcanada.com/species/lasioglossum-incompletum-(crawford,-1907)"
"Lasioglossum
knereri",Sweat bees,,Lasioglossum_knereri.JPG,"""Lasioglossum knereri, F, Side, WA, San Juan County_2014-05-09-19.16.28 ZS PMax""",Sam Droege,CC PDM 1.0.,http://creativecommons.org/publicdomain/zero/1.0/deed.en,https://en.wikipedia.org/wiki/List_of_Lasioglossum_species,"http://www.beesofcanada.com/species/lasioglossum-knereri-gibbs,-2010",https://en.wikipedia.org/wiki/Lasioglossum,"http://www.beesofcanada.com/species/lasioglossum-knereri-gibbs,-2010"
"Lasioglossum
laevissimum",Sweat bees,,Lasioglossum_laevissimum.JPG,"""Lasioglossum laevissimum, F, side, Montana_2012-10-15-16.26.28 ZS PMax""",Sam Droege,CC PDM 1.0.,http://creativecommons.org/publicdomain/zero/1.0/deed.en,https://en.wikipedia.org/wiki/Lasioglossum_laevissimum,"http://www.beesofcanada.com/species/lasioglossum-laevissimum-(smith,-1853)",https://en.wikipedia.org/wiki/Lasioglossum,"http://www.beesofcanada.com/species/lasioglossum-laevissimum-(smith,-1853)"
"Lasioglossum
macroprosopum",Sweat bees,Lasioglossum macroprosopus,Lasioglossum_sp.JPG,"""Small Metallic-banded bee - Lasioglossum sp?""", patrickkavanagh,CC BY 2.0.,https://creativecommons.org/licenses/by/2.0/,https://en.wikipedia.org/wiki/List_of_Lasioglossum_species,http://www.beesofcanada.com/species/lasioglossum-macroprosopum,https://en.wikipedia.org/wiki/Lasioglossum,http://www.beesofcanada.com/species/lasioglossum-macroprosopum
"Lasioglossum
nevadense",Sweat bees,,Lasioglossum_nevadense.JPG,"""Lasioglossum nevadense, F, Side, WA, San Juan County_2015-07-07-16.45.39 ZS PMax UDR""",Sam Droege,CC PDM 1.0.,http://creativecommons.org/publicdomain/zero/1.0/deed.en,https://en.wikipedia.org/wiki/Lasioglossum_nevadense,http://www.beesofcanada.com/species/lasioglossum-nevadense,https://en.wikipedia.org/wiki/Lasioglossum,http://www.beesofcanada.com/species/lasioglossum-nevadense
"Lasioglossum
olympiae",Sweat bees,,Lasioglossum_sp.JPG,"""Small Metallic-banded bee - Lasioglossum sp?""",patrickkavanagh,CC BY 2.0.,https://creativecommons.org/licenses/by/2.0/,https://en.wikipedia.org/wiki/Lasioglossum_olympiae,http://www.beesofcanada.com/species/lasioglossum-olympiae,https://en.wikipedia.org/wiki/Lasioglossum,http://www.beesofcanada.com/species/lasioglossum-olympiae
"Lasioglossum
pacatum",Sweat bees,,Lasioglossum_pacatum.JPG,"""Lasioglossum pacatum, F, side, UT, Garfield County_2014-06-06-13.15""",Sam Droege,CC PDM 1.0.,http://creativecommons.org/publicdomain/zero/1.0/deed.en,https://en.wikipedia.org/wiki/Lasioglossum_pacatum,http://www.beesofcanada.com/species/lasioglossum-pacatum,https://en.wikipedia.org/wiki/Lasioglossum,http://www.beesofcanada.com/species/lasioglossum-pacatum
"Lasioglossum
pacificum",Sweat bees,,Lasioglossum_pacificum.JPG,"""Lasioglossum pacificum, F, Side, WA, San Juan County_2014-05-30-16.25.21 ZS PMax""",Sam Droege,CC PDM 1.0.,http://creativecommons.org/publicdomain/zero/1.0/deed.en,https://en.wikipedia.org/wiki/Lasioglossum_pacificum,http://www.beesofcanada.com/species/lasioglossum-pacificum,https://en.wikipedia.org/wiki/Lasioglossum,http://www.beesofcanada.com/species/lasioglossum-pacificum
"Lasioglossum
planatum",Sweat bees,,Lasioglossum_sp.JPG,"""Small Metallic-banded bee - Lasioglossum sp?""",patrickkavanagh,CC BY 2.0.,https://creativecommons.org/licenses/by/2.0/,https://en.wikipedia.org/wiki/List_of_Lasioglossum_species,http://www.beesofcanada.com/species/lasioglossum-planatum,https://en.wikipedia.org/wiki/Lasioglossum,http://www.beesofcanada.com/species/lasioglossum-planatum
"Lasioglossum
prasinogaster",Sweat bees,,Lasioglossum_prasinogaster.JPG,"""Lasioglossum prasinogaster, F, Side, WY, Lincoln County_2014-04-25-14.59.11 ZS PMax""",Sam Droege,CC PDM 1.0.,http://creativecommons.org/publicdomain/zero/1.0/deed.en,https://en.wikipedia.org/wiki/List_of_Lasioglossum_species,http://www.beesofcanada.com/species/lasioglossum-prasinogaster,https://en.wikipedia.org/wiki/Lasioglossum,http://www.beesofcanada.com/species/lasioglossum-prasinogaster
"Lasioglossum
pruinosum",Sweat bees,,Lasioglossum_pruinosum.JPG,"""Lasioglossum pruinosum, F, rt side, Sleeping Bear Dunes, Michigan_2012-10-17-10.52.34 ZS PMax""",Sam Droege,CC PDM 1.0.,http://creativecommons.org/publicdomain/zero/1.0/deed.en,https://en.wikipedia.org/wiki/Lasioglossum_pruinosum,http://www.beesofcanada.com/species/lasioglossum-pruinosum,https://en.wikipedia.org/wiki/Lasioglossum,http://www.beesofcanada.com/species/lasioglossum-pruinosum
"Lasioglossum
punctatoventre",Sweat bees,,Lasioglossum_sp.JPG,"""Small Metallic-banded bee - Lasioglossum sp?""", patrickkavanagh,CC BY 2.0.,https://creativecommons.org/licenses/by/2.0/,https://en.wikipedia.org/wiki/Lasioglossum_punctatoventre,http://www.beesofcanada.com/species/lasioglossum-punctatoventre,https://en.wikipedia.org/wiki/Lasioglossum,http://www.beesofcanada.com/species/lasioglossum-punctatoventre
"Lasioglossum
ruidosense",Sweat bees,,Lasioglossum_ruidosense.JPG,"""Lasioglossum ruidosense, F, Side, UT, Garfield County_2014-05-30-17.19.02 ZS PMax""",Sam Droege,CC PDM 1.0.,http://creativecommons.org/publicdomain/zero/1.0/deed.en,https://en.wikipedia.org/wiki/Lasioglossum_ruidosense,http://www.beesofcanada.com/species/lasioglossum-ruidosense,https://en.wikipedia.org/wiki/Lasioglossum,http://www.beesofcanada.com/species/lasioglossum-ruidosense
"Lasioglossum
sagax",Sweat bees,,Lasioglossum_sp.JPG,"""Small Metallic-banded bee - Lasioglossum sp?""", patrickkavanagh,CC BY 2.0.,https://creativecommons.org/licenses/by/2.0/,https://en.wikipedia.org/wiki/Lasioglossum_sagax,http://www.beesofcanada.com/species/lasioglossum-sagax,https://en.wikipedia.org/wiki/Lasioglossum,http://www.beesofcanada.com/species/lasioglossum-sagax
"Lasioglossum
sedi",Sweat bees,,Lasioglossum_sedi.JPG,"""Lasioglossum sedi, F, Side, UT, Garfield County_2014-05-27-17.11.12 ZS PMax""",Sam Droege,CC PDM 1.0.,http://creativecommons.org/publicdomain/zero/1.0/deed.en,https://en.wikipedia.org/wiki/Lasioglossum_sedi,"http://www.beesofcanada.com/species/lasioglossum-sedi-(sandhouse,-1924)",https://en.wikipedia.org/wiki/Lasioglossum,"http://www.beesofcanada.com/species/lasioglossum-sedi-(sandhouse,-1924)"
"Lasioglossum
sisymbrii",Sweat bees,,Lasioglossum_sisymbrii.JPG,"""Lasioglossum sisymbrii, F, Side , UT, Garfield County_2014-08-22-15.09""",Sam Droege,CC PDM 1.0.,http://creativecommons.org/publicdomain/zero/1.0/deed.en,https://en.wikipedia.org/wiki/Lasioglossum_sisymbrii,http://www.beesofcanada.com/species/lasioglossum-sisymbrii,https://en.wikipedia.org/wiki/Lasioglossum,http://www.beesofcanada.com/species/lasioglossum-sisymbrii
"Lasioglossum
titusi",Sweat bees,,Lasioglossum_titusi.JPG,"""Lasioglossum titusi, F, Side, WY, Lincoln County_2014-07-16-18.31""",Sam Droege,CC PDM 1.0.,http://creativecommons.org/publicdomain/zero/1.0/deed.en,https://en.wikipedia.org/wiki/Lasioglossum_titusi,http://www.beesofcanada.com/species/lasioglossum-titusi,https://en.wikipedia.org/wiki/Lasioglossum,http://www.beesofcanada.com/species/lasioglossum-titusi
"Lasioglossum
villosulum",Sweat bees,,Lasioglossum_villosulum.JPG,"""Lasioglossum villosulum, North Wales, July 2016 3""",janetgraham84new,CC BY 2.0.,https://creativecommons.org/licenses/by/2.0/,https://en.wikipedia.org/wiki/Lasioglossum_villosulum,N/A,https://en.wikipedia.org/wiki/Lasioglossum,N/A
"Lasioglossum
zonulum",Sweat bees,,Lasioglossum_zonulum.JPG,"""Lasioglossum zonulum, M, Side, PA, Lackawanna County_2013-08-09-13.33.58 ZS PMax""", Sam Droege,CC PDM 1.0.,http://creativecommons.org/publicdomain/zero/1.0/deed.en,https://en.wikipedia.org/wiki/Lasioglossum_zonulum,http://www.beesofcanada.com/species/lasioglossum-zonulum,https://en.wikipedia.org/wiki/Lasioglossum,http://www.beesofcanada.com/species/lasioglossum-zonulum
"Leptura
chrysocoma",Longhorn beetle,,Leptura_chrysocoma.JPG,"""150/365 — Golden-haired flower longhorn""", glaukos,CC BY-NC 2.0.,https://creativecommons.org/licenses/by-nc/2.0/,https://en.wikipedia.org/wiki/Leptura,N/A,https://en.wikipedia.org/wiki/Leptura,N/A
"Lucilia
illustris",Green bottle flies,,Lucilia_illustris.JPG,"""Lucilia illustris""",insectsunlocked,CC0 1.0,http://creativecommons.org/publicdomain/zero/1.0/deed.en,https://en.wikipedia.org/wiki/Lucilia_illustris,N/A,https://en.wikipedia.org/wiki/Lucilia_(fly),N/A
"Lucilia
sericata",Green bottle flies,,Lucilia_sericata.JPG,"""Side view of Lucilia sericata""",insectsunlocked,CC0 1.0,http://creativecommons.org/publicdomain/zero/1.0/deed.en,https://en.wikipedia.org/wiki/Common_green_bottle_fly,N/A,https://en.wikipedia.org/wiki/Lucilia_(fly),N/A
"Megachile
brevis",Leafcutter bees,,Megachile_brevis.JPG,"""Megachile brevis, female, side_2012-06-21-15.37""",Sam Droege,CC PDM 1.0.,http://creativecommons.org/publicdomain/zero/1.0/deed.en,https://en.wikipedia.org/wiki/Megachile_brevis,http://www.beesofcanada.com/species/megachile-brevis,https://en.wikipedia.org/wiki/Megachile,http://www.beesofcanada.com/species/megachile-brevis
"Megachile
frigida",Leafcutter bees,,Megachile_sp.JPG,"""Megachile_sp.JPG""", Sarah Johnson,N/A,N/A,https://en.wikipedia.org/wiki/Megachile_frigida,http://www.beesofcanada.com/species/megachile-frigida-frigida,https://en.wikipedia.org/wiki/Megachile,http://www.beesofcanada.com/species/megachile-frigida-frigida
"Megachile
gemula",Leafcutter bees,,Megachile_gemula.JPG,"""Megachile-gemula,-side_2012-07-02-16.53.27-ZS-PMax""",Sam Droege,CC PDM 1.0.,http://creativecommons.org/publicdomain/zero/1.0/deed.en,https://en.wikipedia.org/wiki/Megachile_gemula,http://www.beesofcanada.com/species/megachile-gemula,https://en.wikipedia.org/wiki/Megachile,http://www.beesofcanada.com/species/megachile-gemula
"Megachile
melanophaea",Leafcutter bees,,Megachile_melanophaea.JPG,"""Megachile melanophaea, f, left, Mariposa, CA_2017-07-19-17.38""",Sam Droege,CC PDM 1.0.,http://creativecommons.org/publicdomain/zero/1.0/deed.en,https://en.wikipedia.org/wiki/Megachile_melanophaea,http://www.beesofcanada.com/species/megachile-melanophaea,https://en.wikipedia.org/wiki/Megachile,http://www.beesofcanada.com/species/megachile-melanophaea
"Megachile
perihirta",Leafcutter bees,,Megachile_sp.JPG,"""Megachile_sp.JPG""",Sarah Johnson,N/A,N/A,https://en.wikipedia.org/wiki/Megachile_perihirta,http://www.beesofcanada.com/species/megachile-perihirta,https://en.wikipedia.org/wiki/Megachile,http://www.beesofcanada.com/species/megachile-perihirta
"Megachile
relativa",Leafcutter bees,,Megachile_relativa.JPG,"""Megachile-relativa,-female,-side_2012-06-08-14.31.21-ZS-PMax""",Sam Droege,CC PDM 1.0.,http://creativecommons.org/publicdomain/zero/1.0/deed.en,https://en.wikipedia.org/wiki/Megachile_relativa,http://www.beesofcanada.com/species/megachile-relativa,https://en.wikipedia.org/wiki/Megachile,http://www.beesofcanada.com/species/megachile-relativa
"Megachile
rotundata",Leafcutter bees,,Megachile_rotundata.JPG,"""Megachile rotundata""",Dirk Pons,CC BY 2.0.,https://creativecommons.org/licenses/by/2.0/,https://en.wikipedia.org/wiki/Megachile_rotundata,"http://www.beesofcanada.com/species/megachile-rotundata-(fabricius,-1787)",https://en.wikipedia.org/wiki/Megachile,"http://www.beesofcanada.com/species/megachile-rotundata-(fabricius,-1787)"
"Melanostoma
mellinum",Hoverflies,,Melanostoma_mellinum.JPG,"""Melanostoma mellinum (male)""",Martin Cooper Ipswich,CC BY 2.0.,https://creativecommons.org/licenses/by/2.0/,https://en.wikipedia.org/wiki/Melanostoma_mellinum,N/A,https://en.wikipedia.org/wiki/Melanostoma,N/A
"Melecta
thoracica",Digger-cuckoo bees,,Melecta_sp.JPG,"""Melecta albifrons. Common Mourning Bee""",gailhampshire,CC BY 2.0.,https://creativecommons.org/licenses/by/2.0/,https://en.wikipedia.org/wiki/Melecta_thoracica,"http://www.beesofcanada.com/species/melecta-thoracica-cresson,-1875",https://en.wikipedia.org/wiki/Melecta,"http://www.beesofcanada.com/species/melecta-thoracica-cresson,-1875"
"Meliscaeva
cinctella",Hoverflies,,Meliscaeva_cinctella.JPG,"""Syrphid - Meliscaeva cinctella, Brighton Beach, Deep Cove, British Columbia""",Judy Gallagher,CC BY 2.0.,https://creativecommons.org/licenses/by/2.0/,https://en.wikipedia.org/wiki/Meliscaeva_cinctella,N/A,https://en.wikipedia.org/wiki/Meliscaeva,N/A
"Melissodes
microsticta",Long-horned bees,,Melissodes_sp.JPG,"""Melissodes unknown 3075""",JKehoe_Photos,CC BY-ND 2.0.,https://creativecommons.org/licenses/by-nd/2.0/,https://en.wikipedia.org/wiki/Melissodes_microsticta,http://www.beesofcanada.com/species/melissodes-microsticta,https://en.wikipedia.org/wiki/Melissodes,http://www.beesofcanada.com/species/melissodes-microsticta
"Merodon
equestris",Bulb fly,,Merodon_equestris.JPG,"""Merodon equestris""",gailhampshire,CC BY 2.0.,https://creativecommons.org/licenses/by/2.0/,https://en.wikipedia.org/wiki/Merodon_equestris,N/A,https://en.wikipedia.org/wiki/Merodon,N/A
"Mischocyttarus
flavitarsis",Mischocyttarus wasps,,Mischocyttarus_flavitarsis.JPG,"""Western Paper Wasp (Vespidae, Mischocyttarus flavitarsis (Saussure))""",insectsunlocked,CC0 1.0,http://creativecommons.org/publicdomain/zero/1.0/deed.en,https://en.wikipedia.org/wiki/Mischocyttarus_flavitarsis,N/A,https://en.wikipedia.org/wiki/Mischocyttarus,N/A
"Neorhynchocephalus
sackenii",Tangle-veined flies,,Neorhynchocephalus_sp.JPG,"""Tangled vein flies""",jeans_Photos,CC BY 2.0.,https://creativecommons.org/licenses/by/2.0/,https://en.wikipedia.org/wiki/Neorhynchocephalus_sackenii,N/A,https://en.wikipedia.org/wiki/Neorhynchocephalus,N/A
"Osmia
albolateralis",Mason bees,,Osmia_albolateralis.JPG,"""Osmia albolateralis, f, right, Mariposa, CA_2018-03-01-11.02""",Sam Droege,CC PDM 1.0.,http://creativecommons.org/publicdomain/zero/1.0/deed.en,https://en.wikipedia.org/wiki/Osmia_albolateralis,"http://www.beesofcanada.com/species/osmia-albolateralis-cockerell,-1906",https://en.wikipedia.org/wiki/Mason_bee,"http://www.beesofcanada.com/species/osmia-albolateralis-cockerell,-1906"
"Osmia
atrocyanea",Mason bees,,Osmia_atrocyanea.JPG,"""Osmia atrocyanea""",No creator given,CC0 1.0,http://creativecommons.org/publicdomain/zero/1.0/deed.en,https://en.wikipedia.org/wiki/Osmia_atrocyanea,http://www.beesofcanada.com/species/osmia-atrocyanea,https://en.wikipedia.org/wiki/Mason_bee,http://www.beesofcanada.com/species/osmia-atrocyanea
"Osmia
bakeri",Mason bees,,Osmia_bakeri.JPG,"""Osmia bakeri""",No creator given,CC0 1.0,http://creativecommons.org/publicdomain/zero/1.0/deed.en,https://en.wikipedia.org/wiki/Osmia_bakeri,N/A,https://en.wikipedia.org/wiki/Mason_bee,N/A
"Osmia
bucephala",Mason bees,,Osmia_bucephala.JPG,"""Osmia-bucephala,-female,-side_2012-06-08-14.46.41-ZS-PMax""",Sam Droege,CC PDM 1.0.,http://creativecommons.org/publicdomain/zero/1.0/deed.en,https://en.wikipedia.org/wiki/Osmia_bucephala,http://www.beesofcanada.com/species/osmia-bucephala,https://en.wikipedia.org/wiki/Mason_bee,http://www.beesofcanada.com/species/osmia-bucephala
"Osmia
caerulescens",Mason bees,,Osmia_caerulescens.JPG,"""Osmia caerulescens, M, side, Maine, Hancock County_2013-03-21-16.26.50 ZS PMax""",Sam Droege,CC PDM 1.0.,http://creativecommons.org/publicdomain/zero/1.0/deed.en,https://en.wikipedia.org/wiki/Osmia_caerulescens,http://www.beesofcanada.com/species/osmia-caerulescens-caerulescens,https://en.wikipedia.org/wiki/Mason_bee,http://www.beesofcanada.com/species/osmia-caerulescens-caerulescens
"Osmia
californica",Mason bees,,Osmia_californica.JPG,"""Osmia californica, m, wy, lincoln, side_2015-11-20-21.29""",Sam Droege,CC PDM 1.0.,http://creativecommons.org/publicdomain/zero/1.0/deed.en,https://en.wikipedia.org/wiki/Osmia_californica,http://www.beesofcanada.com/species/osmia-californica,https://en.wikipedia.org/wiki/Mason_bee,http://www.beesofcanada.com/species/osmia-californica
"Osmia
coloradensis",Mason bees,,Osmia_sp.JPG,"""Osmia species....such a cute little bee.""",gailhampshire,CC BY 2.0.,https://creativecommons.org/licenses/by/2.0/,https://en.wikipedia.org/wiki/Osmia_coloradensis,http://www.beesofcanada.com/species/osmia-coloradensis,https://en.wikipedia.org/wiki/Mason_bee,http://www.beesofcanada.com/species/osmia-coloradensis
"Osmia
cyanella",Mason bees,,Osmia_sp.JPG,"""Osmia species....such a cute little bee.""",gailhampshire,CC BY 2.0.,https://creativecommons.org/licenses/by/2.0/,https://en.wikipedia.org/wiki/Osmia_cyanella,http://www.beesofcanada.com/species/osmia-cyanella,https://en.wikipedia.org/wiki/Mason_bee,http://www.beesofcanada.com/species/osmia-cyanella
"Osmia
densa",Mason bees,,Osmia_sp.JPG,"""Osmia species....such a cute little bee.""",gailhampshire,CC BY 2.0.,https://creativecommons.org/licenses/by/2.0/,https://en.wikipedia.org/wiki/Osmia_densa,http://www.beesofcanada.com/species/osmia-densa-densa,https://en.wikipedia.org/wiki/Mason_bee,http://www.beesofcanada.com/species/osmia-densa-densa
"Osmia
dolerosa",Mason bees,,Osmia_dolerosa.JPG,"""Osmia dolerosa""",No creator given,CC0 1.0,http://creativecommons.org/publicdomain/zero/1.0/deed.en,https://en.wikipedia.org/wiki/Osmia_dolerosa,http://www.beesofcanada.com/species/osmia-dolerosa,https://en.wikipedia.org/wiki/Mason_bee,http://www.beesofcanada.com/species/osmia-dolerosa
"Osmia
gabrielis",Mason bees,,Osmia_sp.JPG,"""Osmia species....such a cute little bee.""",gailhampshire,CC BY 2.0.,https://creativecommons.org/licenses/by/2.0/,https://en.wikipedia.org/wiki/Osmia_gabrielis,"http://www.beesofcanada.com/species/osmia-gabrielis-cockerell,-1910",https://en.wikipedia.org/wiki/Mason_bee,"http://www.beesofcanada.com/species/osmia-gabrielis-cockerell,-1910"
"Osmia
kincaidii",Mason bees,,Osmia_kincaidii.JPG,"""Osmia kincaidii male""",ExoticBeeID,CC PDM 1.0.,http://creativecommons.org/publicdomain/zero/1.0/deed.en,https://en.wikipedia.org/wiki/Osmia_kincaidii,http://www.beesofcanada.com/species/osmia-kincaidii,https://en.wikipedia.org/wiki/Mason_bee,http://www.beesofcanada.com/species/osmia-kincaidii
"Osmia
lignaria",Mason bees,,Osmia_lignaria.JPG,"""Osmia lignaria""",ExoticBeeID,CC PDM 1.0.,http://creativecommons.org/publicdomain/zero/1.0/deed.en,https://en.wikipedia.org/wiki/Osmia_lignaria,http://www.beesofcanada.com/species/osmia-lignaria-propinqua,https://en.wikipedia.org/wiki/Mason_bee,http://www.beesofcanada.com/species/osmia-lignaria-propinqua
"Osmia
malina",Mason bees,,Osmia_malina.JPG,"""Osmia malina""",No creator given,CC0 1.0,http://creativecommons.org/publicdomain/zero/1.0/deed.en,https://en.wikipedia.org/wiki/Osmia_malina,http://www.beesofcanada.com/species/osmia-malina,https://en.wikipedia.org/wiki/Mason_bee,http://www.beesofcanada.com/species/osmia-malina
"Osmia
marginipennis",Mason bees,,Osmia_sp.JPG,"""Osmia species....such a cute little bee.""",gailhampshire,CC BY 2.0.,https://creativecommons.org/licenses/by/2.0/,https://en.wikipedia.org/wiki/Osmia_marginipennis,http://www.beesofcanada.com/species/osmia-marginipennis,https://en.wikipedia.org/wiki/Mason_bee,http://www.beesofcanada.com/species/osmia-marginipennis
"Osmia
montana",Mason bees,,Osmia_montana.JPG,"""Osmia montana, left, f, Mariposa CA_2017-07-27-19.25""",Sam Droege,CC PDM 1.0.,http://creativecommons.org/publicdomain/zero/1.0/deed.en,https://en.wikipedia.org/wiki/Osmia_montana,http://www.beesofcanada.com/species/osmia-montana-montana,https://en.wikipedia.org/wiki/Mason_bee,http://www.beesofcanada.com/species/osmia-montana-montana
"Osmia
odontogaster",Mason bees,,Osmia_odontogaster.JPG,"""Osmia odontogaster""",No creator given,CC0 1.0,http://creativecommons.org/publicdomain/zero/1.0/deed.en,https://en.wikipedia.org/wiki/Osmia_odontogaster,http://www.beesofcanada.com/species/osmia-odontogaster,https://en.wikipedia.org/wiki/Mason_bee,http://www.beesofcanada.com/species/osmia-odontogaster
"Osmia
proxima",Mason bees,,Osmia_sp.JPG,"""Osmia species....such a cute little bee.""",gailhampshire,CC BY 2.0.,https://creativecommons.org/licenses/by/2.0/,https://en.wikipedia.org/wiki/Osmia_proxima,http://www.beesofcanada.com/species/osmia-proxima,https://en.wikipedia.org/wiki/Mason_bee,http://www.beesofcanada.com/species/osmia-proxima
"Osmia
pusilla",Mason bees,,Osmia_sp.JPG,"""Osmia species....such a cute little bee.""",gailhampshire,CC BY 2.0.,https://creativecommons.org/licenses/by/2.0/,https://en.wikipedia.org/wiki/Osmia_pusilla,http://www.beesofcanada.com/species/osmia-pusilla,https://en.wikipedia.org/wiki/Mason_bee,http://www.beesofcanada.com/species/osmia-pusilla
"Osmia
sericea",Mason bees,,Osmia_sp.JPG,"""Osmia species....such a cute little bee.""",gailhampshire,CC BY 2.0.,https://creativecommons.org/licenses/by/2.0/,https://en.wikipedia.org/wiki/List_of_Osmia_species,N/A,https://en.wikipedia.org/wiki/Mason_bee,N/A
"Osmia
texana",Mason bees,,Osmia_texana.JPG,"""Osmia texana, female, side, Carroll County, MD_2013-10-30-14.41.44 ZS PMax""",Sam Droege,CC PDM 1.0.,http://creativecommons.org/publicdomain/zero/1.0/deed.en,https://en.wikipedia.org/wiki/Osmia_texana,http://www.beesofcanada.com/species/osmia-texana,https://en.wikipedia.org/wiki/Mason_bee,http://www.beesofcanada.com/species/osmia-texana
"Osmia
trevoris",Mason bees,,Osmia_trevoris.JPG,"""Osmia trevoris, F, Park Co., Wyoming, side_2015-11-21-00.15.51 ZS PMax UDR""",Sam Droege,CC PDM 1.0.,http://creativecommons.org/publicdomain/zero/1.0/deed.en,https://en.wikipedia.org/wiki/Osmia_trevoris,http://www.beesofcanada.com/species/osmia-trevoris,https://en.wikipedia.org/wiki/Mason_bee,http://www.beesofcanada.com/species/osmia-trevoris
"Osmia
tristella",Mason bees,,Osmia_sp.JPG,"""Osmia species....such a cute little bee.""",gailhampshire,CC BY 2.0.,https://creativecommons.org/licenses/by/2.0/,https://en.wikipedia.org/wiki/Osmia_tristella,http://www.beesofcanada.com/species/osmia-tristella-tristella,https://en.wikipedia.org/wiki/Mason_bee,http://www.beesofcanada.com/species/osmia-tristella-tristella
"Panurginus
atriceps",Small mining bees,,Panurginus_sp.JPG,"""Panurginus atramontensis, m, left, Prince George's Co, MD_2019-03-21-18.25.50 ZS PMax UDR""",Sam Droege,CC PDM 1.0.,http://creativecommons.org/publicdomain/zero/1.0/deed.en,https://en.wikipedia.org/wiki/Panurginus_atriceps,"http://www.beesofcanada.com/species/panurginus-atriceps-(cresson,-1878)",https://en.wikipedia.org/wiki/Panurginus,"http://www.beesofcanada.com/species/panurginus-atriceps-(cresson,-1878)"
"Perdita
fallax",Fairy bees,,Perdita_fallax.JPG,"""Perdita fallax""",No creator given,CC0 1.0,http://creativecommons.org/publicdomain/zero/1.0/deed.en,https://en.wikipedia.org/wiki/Perdita_fallax,"http://www.beesofcanada.com/species/perdita-fallax-cockerell,-1896",https://en.wikipedia.org/wiki/Perdita_(genus),"http://www.beesofcanada.com/species/perdita-fallax-cockerell,-1896"
"Pieris
rapae",Cabbage butterfly,,Pieris_rapae.JPG,"""Pieris rapae""",xulescu_g,CC BY-SA 2.0.,https://creativecommons.org/licenses/by-sa/2.0/,https://en.wikipedia.org/wiki/Pieris_rapae,N/A,https://en.wikipedia.org/wiki/Pieris_(butterfly),N/A
"Platycheirus
obscurus",Hoverflies,,Platycheirus_sp.JPG,"""Platycheirus species. Intersex""",gailhampshire,CC BY 2.0.,https://creativecommons.org/licenses/by/2.0/,https://en.wikipedia.org/wiki/Platycheirus_obscurus,N/A,https://en.wikipedia.org/wiki/Platycheirus,N/A
"Platycheirus
stegnus",Hoverflies,,Platycheirus_sp.JPG,"""Platycheirus species. Intersex""",gailhampshire,CC BY 2.0.,https://creativecommons.org/licenses/by/2.0/,https://en.wikipedia.org/wiki/Platycheirus_stegnus,N/A,https://en.wikipedia.org/wiki/Platycheirus,N/A
"Polistes
dominula",Paper wasp,,Polistes_dominula.JPG,"""Paper Wasp. (Polistes dominula?)""",gailhampshire,CC BY 2.0.,https://creativecommons.org/licenses/by/2.0/,https://en.wikipedia.org/wiki/European_paper_wasp,N/A,https://en.wikipedia.org/wiki/Polistes,N/A
"Polistes
gallica",Paper wasp,Polistes gallicus,Polistes_gallicus.JPG,"""Polistes gallicus""",liesvanrompaey,CC BY 2.0.,https://creativecommons.org/licenses/by/2.0/,https://en.wikipedia.org/wiki/Polistes_gallicus,N/A,https://en.wikipedia.org/wiki/Polistes,N/A
"Protosmia
rubifloris",Protosmia bees,,,,,,,https://en.wikipedia.org/wiki/Protosmia_rubifloris,"http://www.beesofcanada.com/species/protosmia-rubifloris-(cockerell,-1898)",https://en.wikipedia.org/wiki/Protosmia,"http://www.beesofcanada.com/species/protosmia-rubifloris-(cockerell,-1898)"
"Rhynchites
bicolor",Leaf and bud weevils,,Rhynchites_bicolor.JPG,"""File:Rose Weevilish.jpg""", Ingrid Taylar,CC BY 2.0.,https://creativecommons.org/licenses/by/2.0/,https://en.wikipedia.org/wiki/Rhynchites,N/A,https://en.wikipedia.org/wiki/Rhynchites,N/A
"Scaeva
pyrastri",Hoverflies,,Scaeva_pyrastri.JPG,"""Scaeva pyrastri ♀ * «moscas de las flores»""",jacilluch,CC BY-SA 2.0.,https://creativecommons.org/licenses/by-sa/2.0,https://en.wikipedia.org/wiki/Scaeva_pyrastri,N/A,https://en.wikipedia.org/wiki/Scaeva,N/A
"Sphaerophoria
contigua",Hoverflies,,Sphaerophoria_contigua.JPG,"""File:Sphaerophoria contigua.jpg""",Beatriz Moisset,CC BY-SA 4.0.,https://creativecommons.org/licenses/by-sa/4.0,https://en.wikipedia.org/wiki/Sphaerophoria_contigua,N/A,https://en.wikipedia.org/wiki/Sphaerophoria,N/A
"Sphaerophoria
philanthus",Hoverflies,,Sphaerophoria_philanthus.JPG,"""File:Sphaerophoria philanthus 32045064.jpg""",Judy Gallagher,CC BY 4.0.,https://creativecommons.org/licenses/by/4.0,https://en.wikipedia.org/wiki/Sphaerophoria_philanthus,N/A,https://en.wikipedia.org/wiki/Sphaerophoria,N/A
"Sphaerophoria
sulphuripes",Hoverflies,,Sphaerophoria_sp.JPG,"""Sphaerophoria sp""",jacilluch,CC BY-SA 2.0.,https://creativecommons.org/licenses/by-sa/2.0,https://en.wikipedia.org/wiki/Sphaerophoria_sulphuripes,N/A,https://en.wikipedia.org/wiki/Sphaerophoria,N/A
"Sphaerophoria
weemsi",Hoverflies,,Sphaerophoria_sp.JPG,"""Sphaerophoria sp""",jacilluch,CC BY-SA 2.0.,https://creativecommons.org/licenses/by-sa/2.0,https://en.wikipedia.org/wiki/Sphaerophoria_weemsi,N/A,https://en.wikipedia.org/wiki/Sphaerophoria,N/A
"Stelis
""albosignata""",Carder cuckoo bee ,,Stelis_sp.JPG,"""Stelis""",ExoticBeeID,CC PDM 1.0.,http://creativecommons.org/publicdomain/zero/1.0/deed.en,https://en.wikipedia.org/wiki/List_of_Stelis_(insect)_species,N/A,https://en.wikipedia.org/wiki/Stelis_(insect),N/A
"Syritta
pipiens",Hoverflies,,Syritta_pipiens.JPG,"""Syritta pipiens, Lorton Workhouse, Lorton, Virginia""",Judy Gallagher,CC BY 2.0.,https://creativecommons.org/licenses/by/2.0/,https://en.wikipedia.org/wiki/Syritta_pipiens,N/A,https://en.wikipedia.org/wiki/Syritta,N/A
"Syrphidae
small",Hoverflies,Syrphidae,Syrphidae_sp.JPG,"""Syrphidae sp.""",ComputerHotline,CC BY 2.0.,https://creativecommons.org/licenses/by/2.0/,https://en.wikipedia.org/wiki/Hoverfly,N/A,https://en.wikipedia.org/wiki/Hoverfly,N/A
"Syrphus
opinator",Hoverflies,,Syrphus_opinator.JPG,"""1959. Syrphus opinator O.S. Male. Native predator of the balsam woolly adelgid. Collected at Willamette Pass, Oregon.""",USDA Forest Service,CC PDM 1.0.,http://creativecommons.org/publicdomain/zero/1.0/deed.en,https://en.wikipedia.org/wiki/Syrphus_opinator,N/A,https://en.wikipedia.org/wiki/Syrphus,N/A
"Syrphus
ribesii",Hoverflies,,Syrphus_ribesii.JPG,"""File:Berteroa incana - Syrphus ribesii - Tallinn.jpg""",Ivar Leidus,CC BY-SA 4.0.,https://creativecommons.org/licenses/by-sa/4.0,https://en.wikipedia.org/wiki/Syrphus_ribesii,N/A,https://en.wikipedia.org/wiki/Syrphus,N/A
"Thymelicus
lineola",Skipper butterfly,,Thymelicus_lineola.JPG,"""European Skipper - Thymelicus lineola, Bluegrass, Virginia""",Judy Gallagher,CC BY 2.0.,https://creativecommons.org/licenses/by/2.0/,https://en.wikipedia.org/wiki/Essex_skipper,N/A,https://en.wikipedia.org/wiki/Thymelicus,N/A
"Toxomerus
marginatus",Hoverflies,,Toxomerus_marginatus.JPG,"""Syrphid - Toxomerus marginatus, Jones Preserve, Rappahannock County, Virginia""",Judy Gallagher,CC BY 2.0.,https://creativecommons.org/licenses/by/2.0/,https://en.wikipedia.org/wiki/Toxomerus_marginatus,N/A,https://en.wikipedia.org/wiki/Toxomerus,N/A
"Toxomerus
occidentalis",Hoverflies,,Toxomerus_occidentalis.JPG,"""Day 288 - Syrphid - Toxomerus occidentalis, Sooke Potholes Regional Park, Sooke, British Columbia""",Judy Gallagher,CC BY 2.0.,https://creativecommons.org/licenses/by/2.0/,https://en.wikipedia.org/wiki/Toxomerus_occidentalis,N/A,https://en.wikipedia.org/wiki/Toxomerus,N/A
"Trichodes
ornatus",Checkered beetles,,Trichodes_ornatus.JPG,"""Day 179 - Ornate Checkered Beetle - Trichodes ornatus, Sierra City, California""",Judy Gallagher,CC BY 2.0.,https://creativecommons.org/licenses/by/2.0/,https://en.wikipedia.org/wiki/Trichodes_ornatus,N/A,https://en.wikipedia.org/wiki/Trichodes,N/A
"Vespula
atripilosa",Yellowjackets ,Vespula atropilosa,Vespula_atropilosa.JPG,"""File:V atropilosa.jpg""",Whitney Cranshaw,CC BY 3.0.,https://creativecommons.org/licenses/by/3.0,https://en.wikipedia.org/wiki/Vespula_atropilosa,N/A,https://en.wikipedia.org/wiki/Yellowjacket,N/A
"Vespula
vulgaris",Yellowjackets ,,Vespula_vulgaris.JPG,"""Queen Common Wasp Vespula vulgaris""",gailhampshire,CC BY 2.0.,https://creativecommons.org/licenses/by/2.0/,https://en.wikipedia.org/wiki/Vespula_vulgaris,N/A,https://en.wikipedia.org/wiki/Yellowjacket,N/A
"Volucella
bombylans",Bumblebee hoverfly,,Volucella_bombylans.JPG,"""Volucella bombylans. Hover fly mimic""",gailhampshire,CC BY 2.0.,https://creativecommons.org/licenses/by/2.0/,https://en.wikipedia.org/wiki/Volucella_bombylans,N/A,https://en.wikipedia.org/wiki/Volucella,N/A